Image,Label
data\Datos\Datos\Training-validation\Chronic otitis media\o1.jpg,Chronic otitis media
data\Datos\Datos\Training-validation\Chronic otitis media\o10.jpg,Chronic otitis media
data\Datos\Datos\Training-validation\Chronic otitis media\o100.jpg,Chronic otitis media
data\Datos\Datos\Training-validation\Chronic otitis media\o101.jpg,Chronic otitis media
data\Datos\Datos\Training-validation\Chronic otitis media\o102.jpg,Chronic otitis media
data\Datos\Datos\Training-validation\Chronic otitis media\o103.jpg,Chronic otitis media
data\Datos\Datos\Training-validation\Chronic otitis media\o104.jpg,Chronic otitis media
data\Datos\Datos\Training-validation\Chronic otitis media\o105.jpg,Chronic otitis media
data\Datos\Datos\Training-validation\Chronic otitis media\o106.jpg,Chronic otitis media
data\Datos\Datos\Training-validation\Chronic otitis media\o107.jpg,Chronic otitis media
data\Datos\Datos\Training-validation\Chronic otitis media\o108.jpg,Chronic otitis media
data\Datos\Datos\Training-validation\Chronic otitis media\o109.jpg,Chronic otitis media
data\Datos\Datos\Training-validation\Chronic otitis media\o11.jpg,Chronic otitis media
data\Datos\Datos\Training-validation\Chronic otitis media\o110.jpg,Chronic otitis media
data\Datos\Datos\Training-validation\Chronic otitis media\o111.jpg,Chronic otitis media
data\Datos\Datos\Training-validation\Chronic otitis media\o112.jpg,Chronic otitis media
data\Datos\Datos\Training-validation\Chronic otitis media\o113.jpg,Chronic otitis media
data\Datos\Datos\Training-validation\Chronic otitis media\o114.jpg,Chronic otitis media
data\Datos\Datos\Training-validation\Chronic otitis media\o115.jpg,Chronic otitis media
data\Datos\Datos\Training-validation\Chronic otitis media\o116.jpg,Chronic otitis media
data\Datos\Datos\Training-validation\Chronic otitis media\o117.jpg,Chronic otitis media
data\Datos\Datos\Training-validation\Chronic otitis media\o118.jpg,Chronic otitis media
data\Datos\Datos\Training-validation\Chronic otitis media\o119.jpg,Chronic otitis media
data\Datos\Datos\Training-validation\Chronic otitis media\o12.jpg,Chronic otitis media
data\Datos\Datos\Training-validation\Chronic otitis media\o120.jpg,Chronic otitis media
data\Datos\Datos\Training-validation\Chronic otitis media\o121.jpg,Chronic otitis media
data\Datos\Datos\Training-validation\Chronic otitis media\o122.jpg,Chronic otitis media
data\Datos\Datos\Training-validation\Chronic otitis media\o123.jpg,Chronic otitis media
data\Datos\Datos\Training-validation\Chronic otitis media\o124.jpg,Chronic otitis media
data\Datos\Datos\Training-validation\Chronic otitis media\o125.jpg,Chronic otitis media
data\Datos\Datos\Training-validation\Chronic otitis media\o126.jpg,Chronic otitis media
data\Datos\Datos\Training-validation\Chronic otitis media\o127.jpg,Chronic otitis media
data\Datos\Datos\Training-validation\Chronic otitis media\o128.jpg,Chronic otitis media
data\Datos\Datos\Training-validation\Chronic otitis media\o129.jpg,Chronic otitis media
data\Datos\Datos\Training-validation\Chronic otitis media\o13.jpg,Chronic otitis media
data\Datos\Datos\Training-validation\Chronic otitis media\o130.jpg,Chronic otitis media
data\Datos\Datos\Training-validation\Chronic otitis media\o131.jpg,Chronic otitis media
data\Datos\Datos\Training-validation\Chronic otitis media\o132.jpg,Chronic otitis media
data\Datos\Datos\Training-validation\Chronic otitis media\o133.jpg,Chronic otitis media
data\Datos\Datos\Training-validation\Chronic otitis media\o134.jpg,Chronic otitis media
data\Datos\Datos\Training-validation\Chronic otitis media\o135.jpg,Chronic otitis media
data\Datos\Datos\Training-validation\Chronic otitis media\o136.jpg,Chronic otitis media
data\Datos\Datos\Training-validation\Chronic otitis media\o137.jpg,Chronic otitis media
data\Datos\Datos\Training-validation\Chronic otitis media\o138.jpg,Chronic otitis media
data\Datos\Datos\Training-validation\Chronic otitis media\o139.jpg,Chronic otitis media
data\Datos\Datos\Training-validation\Chronic otitis media\o14.jpg,Chronic otitis media
data\Datos\Datos\Training-validation\Chronic otitis media\o140.jpg,Chronic otitis media
data\Datos\Datos\Training-validation\Chronic otitis media\o141.jpg,Chronic otitis media
data\Datos\Datos\Training-validation\Chronic otitis media\o142.jpg,Chronic otitis media
data\Datos\Datos\Training-validation\Chronic otitis media\o143.jpg,Chronic otitis media
data\Datos\Datos\Training-validation\Chronic otitis media\o144.jpg,Chronic otitis media
data\Datos\Datos\Training-validation\Chronic otitis media\o145.jpg,Chronic otitis media
data\Datos\Datos\Training-validation\Chronic otitis media\o146.jpg,Chronic otitis media
data\Datos\Datos\Training-validation\Chronic otitis media\o147.jpg,Chronic otitis media
data\Datos\Datos\Training-validation\Chronic otitis media\o148.jpg,Chronic otitis media
data\Datos\Datos\Training-validation\Chronic otitis media\o149.jpg,Chronic otitis media
data\Datos\Datos\Training-validation\Chronic otitis media\o15.jpg,Chronic otitis media
data\Datos\Datos\Training-validation\Chronic otitis media\o150.jpg,Chronic otitis media
data\Datos\Datos\Training-validation\Chronic otitis media\o151.jpg,Chronic otitis media
data\Datos\Datos\Training-validation\Chronic otitis media\o152.jpg,Chronic otitis media
data\Datos\Datos\Training-validation\Chronic otitis media\o153.jpg,Chronic otitis media
data\Datos\Datos\Training-validation\Chronic otitis media\o154.jpg,Chronic otitis media
data\Datos\Datos\Training-validation\Chronic otitis media\o155.jpg,Chronic otitis media
data\Datos\Datos\Training-validation\Chronic otitis media\o156.jpg,Chronic otitis media
data\Datos\Datos\Training-validation\Chronic otitis media\o157.jpg,Chronic otitis media
data\Datos\Datos\Training-validation\Chronic otitis media\o158.jpg,Chronic otitis media
data\Datos\Datos\Training-validation\Chronic otitis media\o159.jpg,Chronic otitis media
data\Datos\Datos\Training-validation\Chronic otitis media\o16.jpg,Chronic otitis media
data\Datos\Datos\Training-validation\Chronic otitis media\o160.jpg,Chronic otitis media
data\Datos\Datos\Training-validation\Chronic otitis media\o161.jpg,Chronic otitis media
data\Datos\Datos\Training-validation\Chronic otitis media\o162.jpg,Chronic otitis media
data\Datos\Datos\Training-validation\Chronic otitis media\o163.jpg,Chronic otitis media
data\Datos\Datos\Training-validation\Chronic otitis media\o164.jpg,Chronic otitis media
data\Datos\Datos\Training-validation\Chronic otitis media\o165.jpg,Chronic otitis media
data\Datos\Datos\Training-validation\Chronic otitis media\o166.jpg,Chronic otitis media
data\Datos\Datos\Training-validation\Chronic otitis media\o167.jpg,Chronic otitis media
data\Datos\Datos\Training-validation\Chronic otitis media\o168.jpg,Chronic otitis media
data\Datos\Datos\Training-validation\Chronic otitis media\o169.jpg,Chronic otitis media
data\Datos\Datos\Training-validation\Chronic otitis media\o17.jpg,Chronic otitis media
data\Datos\Datos\Training-validation\Chronic otitis media\o170.jpg,Chronic otitis media
data\Datos\Datos\Training-validation\Chronic otitis media\o171.jpg,Chronic otitis media
data\Datos\Datos\Training-validation\Chronic otitis media\o172.jpg,Chronic otitis media
data\Datos\Datos\Training-validation\Chronic otitis media\o173.jpg,Chronic otitis media
data\Datos\Datos\Training-validation\Chronic otitis media\o174.jpg,Chronic otitis media
data\Datos\Datos\Training-validation\Chronic otitis media\o175.jpg,Chronic otitis media
data\Datos\Datos\Training-validation\Chronic otitis media\o176.jpg,Chronic otitis media
data\Datos\Datos\Training-validation\Chronic otitis media\o177.jpg,Chronic otitis media
data\Datos\Datos\Training-validation\Chronic otitis media\o178.jpg,Chronic otitis media
data\Datos\Datos\Training-validation\Chronic otitis media\o179.jpg,Chronic otitis media
data\Datos\Datos\Training-validation\Chronic otitis media\o18.jpg,Chronic otitis media
data\Datos\Datos\Training-validation\Chronic otitis media\o180.jpg,Chronic otitis media
data\Datos\Datos\Training-validation\Chronic otitis media\o19.jpg,Chronic otitis media
data\Datos\Datos\Training-validation\Chronic otitis media\o2.jpg,Chronic otitis media
data\Datos\Datos\Training-validation\Chronic otitis media\o20.jpg,Chronic otitis media
data\Datos\Datos\Training-validation\Chronic otitis media\o21.jpg,Chronic otitis media
data\Datos\Datos\Training-validation\Chronic otitis media\o22.jpg,Chronic otitis media
data\Datos\Datos\Training-validation\Chronic otitis media\o23.jpg,Chronic otitis media
data\Datos\Datos\Training-validation\Chronic otitis media\o24.jpg,Chronic otitis media
data\Datos\Datos\Training-validation\Chronic otitis media\o25.jpg,Chronic otitis media
data\Datos\Datos\Training-validation\Chronic otitis media\o26.jpg,Chronic otitis media
data\Datos\Datos\Training-validation\Chronic otitis media\o27.jpg,Chronic otitis media
data\Datos\Datos\Training-validation\Chronic otitis media\o28.jpg,Chronic otitis media
data\Datos\Datos\Training-validation\Chronic otitis media\o29.jpg,Chronic otitis media
data\Datos\Datos\Training-validation\Chronic otitis media\o3.jpg,Chronic otitis media
data\Datos\Datos\Training-validation\Chronic otitis media\o30.jpg,Chronic otitis media
data\Datos\Datos\Training-validation\Chronic otitis media\o31.jpg,Chronic otitis media
data\Datos\Datos\Training-validation\Chronic otitis media\o32.jpg,Chronic otitis media
data\Datos\Datos\Training-validation\Chronic otitis media\o33.jpg,Chronic otitis media
data\Datos\Datos\Training-validation\Chronic otitis media\o34.jpg,Chronic otitis media
data\Datos\Datos\Training-validation\Chronic otitis media\o35.jpg,Chronic otitis media
data\Datos\Datos\Training-validation\Chronic otitis media\o36.jpg,Chronic otitis media
data\Datos\Datos\Training-validation\Chronic otitis media\o37.jpg,Chronic otitis media
data\Datos\Datos\Training-validation\Chronic otitis media\o38.jpg,Chronic otitis media
data\Datos\Datos\Training-validation\Chronic otitis media\o39.jpg,Chronic otitis media
data\Datos\Datos\Training-validation\Chronic otitis media\o4.jpg,Chronic otitis media
data\Datos\Datos\Training-validation\Chronic otitis media\o40.jpg,Chronic otitis media
data\Datos\Datos\Training-validation\Chronic otitis media\o41.jpg,Chronic otitis media
data\Datos\Datos\Training-validation\Chronic otitis media\o42.jpg,Chronic otitis media
data\Datos\Datos\Training-validation\Chronic otitis media\o43.jpg,Chronic otitis media
data\Datos\Datos\Training-validation\Chronic otitis media\o44.jpg,Chronic otitis media
data\Datos\Datos\Training-validation\Chronic otitis media\o45.jpg,Chronic otitis media
data\Datos\Datos\Training-validation\Chronic otitis media\o46.jpg,Chronic otitis media
data\Datos\Datos\Training-validation\Chronic otitis media\o47.jpg,Chronic otitis media
data\Datos\Datos\Training-validation\Chronic otitis media\o48.jpg,Chronic otitis media
data\Datos\Datos\Training-validation\Chronic otitis media\o49.jpg,Chronic otitis media
data\Datos\Datos\Training-validation\Chronic otitis media\o5.jpg,Chronic otitis media
data\Datos\Datos\Training-validation\Chronic otitis media\o50.jpg,Chronic otitis media
data\Datos\Datos\Training-validation\Chronic otitis media\o51.jpg,Chronic otitis media
data\Datos\Datos\Training-validation\Chronic otitis media\o52.jpg,Chronic otitis media
data\Datos\Datos\Training-validation\Chronic otitis media\o53.jpg,Chronic otitis media
data\Datos\Datos\Training-validation\Chronic otitis media\o54.jpg,Chronic otitis media
data\Datos\Datos\Training-validation\Chronic otitis media\o55.jpg,Chronic otitis media
data\Datos\Datos\Training-validation\Chronic otitis media\o56.jpg,Chronic otitis media
data\Datos\Datos\Training-validation\Chronic otitis media\o57.jpg,Chronic otitis media
data\Datos\Datos\Training-validation\Chronic otitis media\o58.jpg,Chronic otitis media
data\Datos\Datos\Training-validation\Chronic otitis media\o59.jpg,Chronic otitis media
data\Datos\Datos\Training-validation\Chronic otitis media\o6.jpg,Chronic otitis media
data\Datos\Datos\Training-validation\Chronic otitis media\o60.jpg,Chronic otitis media
data\Datos\Datos\Training-validation\Chronic otitis media\o61.jpg,Chronic otitis media
data\Datos\Datos\Training-validation\Chronic otitis media\o62.jpg,Chronic otitis media
data\Datos\Datos\Training-validation\Chronic otitis media\o63.jpg,Chronic otitis media
data\Datos\Datos\Training-validation\Chronic otitis media\o64.jpg,Chronic otitis media
data\Datos\Datos\Training-validation\Chronic otitis media\o65.jpg,Chronic otitis media
data\Datos\Datos\Training-validation\Chronic otitis media\o66.jpg,Chronic otitis media
data\Datos\Datos\Training-validation\Chronic otitis media\o67.jpg,Chronic otitis media
data\Datos\Datos\Training-validation\Chronic otitis media\o68.jpg,Chronic otitis media
data\Datos\Datos\Training-validation\Chronic otitis media\o69.jpg,Chronic otitis media
data\Datos\Datos\Training-validation\Chronic otitis media\o7.jpg,Chronic otitis media
data\Datos\Datos\Training-validation\Chronic otitis media\o70.jpg,Chronic otitis media
data\Datos\Datos\Training-validation\Chronic otitis media\o71.jpg,Chronic otitis media
data\Datos\Datos\Training-validation\Chronic otitis media\o72.jpg,Chronic otitis media
data\Datos\Datos\Training-validation\Chronic otitis media\o73.jpg,Chronic otitis media
data\Datos\Datos\Training-validation\Chronic otitis media\o74.jpg,Chronic otitis media
data\Datos\Datos\Training-validation\Chronic otitis media\o75.jpg,Chronic otitis media
data\Datos\Datos\Training-validation\Chronic otitis media\o76.jpg,Chronic otitis media
data\Datos\Datos\Training-validation\Chronic otitis media\o77.jpg,Chronic otitis media
data\Datos\Datos\Training-validation\Chronic otitis media\o78.jpg,Chronic otitis media
data\Datos\Datos\Training-validation\Chronic otitis media\o79.jpg,Chronic otitis media
data\Datos\Datos\Training-validation\Chronic otitis media\o8.jpg,Chronic otitis media
data\Datos\Datos\Training-validation\Chronic otitis media\o80.jpg,Chronic otitis media
data\Datos\Datos\Training-validation\Chronic otitis media\o81.jpg,Chronic otitis media
data\Datos\Datos\Training-validation\Chronic otitis media\o82.jpg,Chronic otitis media
data\Datos\Datos\Training-validation\Chronic otitis media\o83.jpg,Chronic otitis media
data\Datos\Datos\Training-validation\Chronic otitis media\o84.jpg,Chronic otitis media
data\Datos\Datos\Training-validation\Chronic otitis media\o85.jpg,Chronic otitis media
data\Datos\Datos\Training-validation\Chronic otitis media\o86.jpg,Chronic otitis media
data\Datos\Datos\Training-validation\Chronic otitis media\o87.jpg,Chronic otitis media
data\Datos\Datos\Training-validation\Chronic otitis media\o88.jpg,Chronic otitis media
data\Datos\Datos\Training-validation\Chronic otitis media\o89.jpg,Chronic otitis media
data\Datos\Datos\Training-validation\Chronic otitis media\o9.jpg,Chronic otitis media
data\Datos\Datos\Training-validation\Chronic otitis media\o90.jpg,Chronic otitis media
data\Datos\Datos\Training-validation\Chronic otitis media\o91.jpg,Chronic otitis media
data\Datos\Datos\Training-validation\Chronic otitis media\o92.jpg,Chronic otitis media
data\Datos\Datos\Training-validation\Chronic otitis media\o93.jpg,Chronic otitis media
data\Datos\Datos\Training-validation\Chronic otitis media\o94.jpg,Chronic otitis media
data\Datos\Datos\Training-validation\Chronic otitis media\o95.jpg,Chronic otitis media
data\Datos\Datos\Training-validation\Chronic otitis media\o96.jpg,Chronic otitis media
data\Datos\Datos\Training-validation\Chronic otitis media\o97.jpg,Chronic otitis media
data\Datos\Datos\Training-validation\Chronic otitis media\o98.jpg,Chronic otitis media
data\Datos\Datos\Training-validation\Chronic otitis media\o99.jpg,Chronic otitis media
data\Datos\Datos\Training-validation\Earwax plug\e1.jpg,Earwax plug
data\Datos\Datos\Training-validation\Earwax plug\e10.jpg,Earwax plug
data\Datos\Datos\Training-validation\Earwax plug\e100.jpg,Earwax plug
data\Datos\Datos\Training-validation\Earwax plug\e101.jpg,Earwax plug
data\Datos\Datos\Training-validation\Earwax plug\e102.jpg,Earwax plug
data\Datos\Datos\Training-validation\Earwax plug\e103.jpg,Earwax plug
data\Datos\Datos\Training-validation\Earwax plug\e104.jpg,Earwax plug
data\Datos\Datos\Training-validation\Earwax plug\e105.jpg,Earwax plug
data\Datos\Datos\Training-validation\Earwax plug\e106.jpg,Earwax plug
data\Datos\Datos\Training-validation\Earwax plug\e107.jpg,Earwax plug
data\Datos\Datos\Training-validation\Earwax plug\e108.jpg,Earwax plug
data\Datos\Datos\Training-validation\Earwax plug\e109.jpg,Earwax plug
data\Datos\Datos\Training-validation\Earwax plug\e11.jpg,Earwax plug
data\Datos\Datos\Training-validation\Earwax plug\e110.jpg,Earwax plug
data\Datos\Datos\Training-validation\Earwax plug\e111.jpg,Earwax plug
data\Datos\Datos\Training-validation\Earwax plug\e112.jpg,Earwax plug
data\Datos\Datos\Training-validation\Earwax plug\e113.jpg,Earwax plug
data\Datos\Datos\Training-validation\Earwax plug\e114.jpg,Earwax plug
data\Datos\Datos\Training-validation\Earwax plug\e115.jpg,Earwax plug
data\Datos\Datos\Training-validation\Earwax plug\e116.jpg,Earwax plug
data\Datos\Datos\Training-validation\Earwax plug\e117.jpg,Earwax plug
data\Datos\Datos\Training-validation\Earwax plug\e118.jpg,Earwax plug
data\Datos\Datos\Training-validation\Earwax plug\e119.jpg,Earwax plug
data\Datos\Datos\Training-validation\Earwax plug\e12.jpg,Earwax plug
data\Datos\Datos\Training-validation\Earwax plug\e120.jpg,Earwax plug
data\Datos\Datos\Training-validation\Earwax plug\e121.jpg,Earwax plug
data\Datos\Datos\Training-validation\Earwax plug\e122.jpg,Earwax plug
data\Datos\Datos\Training-validation\Earwax plug\e123.jpg,Earwax plug
data\Datos\Datos\Training-validation\Earwax plug\e124.jpg,Earwax plug
data\Datos\Datos\Training-validation\Earwax plug\e125.jpg,Earwax plug
data\Datos\Datos\Training-validation\Earwax plug\e126.jpg,Earwax plug
data\Datos\Datos\Training-validation\Earwax plug\e127.jpg,Earwax plug
data\Datos\Datos\Training-validation\Earwax plug\e128.jpg,Earwax plug
data\Datos\Datos\Training-validation\Earwax plug\e129.jpg,Earwax plug
data\Datos\Datos\Training-validation\Earwax plug\e13.jpg,Earwax plug
data\Datos\Datos\Training-validation\Earwax plug\e130.jpg,Earwax plug
data\Datos\Datos\Training-validation\Earwax plug\e131.jpg,Earwax plug
data\Datos\Datos\Training-validation\Earwax plug\e132.jpg,Earwax plug
data\Datos\Datos\Training-validation\Earwax plug\e133.jpg,Earwax plug
data\Datos\Datos\Training-validation\Earwax plug\e134.jpg,Earwax plug
data\Datos\Datos\Training-validation\Earwax plug\e135.jpg,Earwax plug
data\Datos\Datos\Training-validation\Earwax plug\e136.jpg,Earwax plug
data\Datos\Datos\Training-validation\Earwax plug\e137.jpg,Earwax plug
data\Datos\Datos\Training-validation\Earwax plug\e138.jpg,Earwax plug
data\Datos\Datos\Training-validation\Earwax plug\e139.jpg,Earwax plug
data\Datos\Datos\Training-validation\Earwax plug\e14.jpg,Earwax plug
data\Datos\Datos\Training-validation\Earwax plug\e140.jpg,Earwax plug
data\Datos\Datos\Training-validation\Earwax plug\e141.jpg,Earwax plug
data\Datos\Datos\Training-validation\Earwax plug\e142.jpg,Earwax plug
data\Datos\Datos\Training-validation\Earwax plug\e143.jpg,Earwax plug
data\Datos\Datos\Training-validation\Earwax plug\e144.jpg,Earwax plug
data\Datos\Datos\Training-validation\Earwax plug\e145.jpg,Earwax plug
data\Datos\Datos\Training-validation\Earwax plug\e146.jpg,Earwax plug
data\Datos\Datos\Training-validation\Earwax plug\e147.jpg,Earwax plug
data\Datos\Datos\Training-validation\Earwax plug\e148.jpg,Earwax plug
data\Datos\Datos\Training-validation\Earwax plug\e149.jpg,Earwax plug
data\Datos\Datos\Training-validation\Earwax plug\e15.jpg,Earwax plug
data\Datos\Datos\Training-validation\Earwax plug\e150.jpg,Earwax plug
data\Datos\Datos\Training-validation\Earwax plug\e151.jpg,Earwax plug
data\Datos\Datos\Training-validation\Earwax plug\e152.jpg,Earwax plug
data\Datos\Datos\Training-validation\Earwax plug\e153.jpg,Earwax plug
data\Datos\Datos\Training-validation\Earwax plug\e154.jpg,Earwax plug
data\Datos\Datos\Training-validation\Earwax plug\e155.jpg,Earwax plug
data\Datos\Datos\Training-validation\Earwax plug\e156.jpg,Earwax plug
data\Datos\Datos\Training-validation\Earwax plug\e157.jpg,Earwax plug
data\Datos\Datos\Training-validation\Earwax plug\e158.jpg,Earwax plug
data\Datos\Datos\Training-validation\Earwax plug\e159.jpg,Earwax plug
data\Datos\Datos\Training-validation\Earwax plug\e16.jpg,Earwax plug
data\Datos\Datos\Training-validation\Earwax plug\e160.jpg,Earwax plug
data\Datos\Datos\Training-validation\Earwax plug\e161.jpg,Earwax plug
data\Datos\Datos\Training-validation\Earwax plug\e162.jpg,Earwax plug
data\Datos\Datos\Training-validation\Earwax plug\e163.jpg,Earwax plug
data\Datos\Datos\Training-validation\Earwax plug\e164.jpg,Earwax plug
data\Datos\Datos\Training-validation\Earwax plug\e165.jpg,Earwax plug
data\Datos\Datos\Training-validation\Earwax plug\e166.jpg,Earwax plug
data\Datos\Datos\Training-validation\Earwax plug\e167.jpg,Earwax plug
data\Datos\Datos\Training-validation\Earwax plug\e168.jpg,Earwax plug
data\Datos\Datos\Training-validation\Earwax plug\e169.jpg,Earwax plug
data\Datos\Datos\Training-validation\Earwax plug\e17.jpg,Earwax plug
data\Datos\Datos\Training-validation\Earwax plug\e170.jpg,Earwax plug
data\Datos\Datos\Training-validation\Earwax plug\e171.jpg,Earwax plug
data\Datos\Datos\Training-validation\Earwax plug\e172.jpg,Earwax plug
data\Datos\Datos\Training-validation\Earwax plug\e173.jpg,Earwax plug
data\Datos\Datos\Training-validation\Earwax plug\e174.jpg,Earwax plug
data\Datos\Datos\Training-validation\Earwax plug\e175.jpg,Earwax plug
data\Datos\Datos\Training-validation\Earwax plug\e176.jpg,Earwax plug
data\Datos\Datos\Training-validation\Earwax plug\e177.jpg,Earwax plug
data\Datos\Datos\Training-validation\Earwax plug\e178.jpg,Earwax plug
data\Datos\Datos\Training-validation\Earwax plug\e179.jpg,Earwax plug
data\Datos\Datos\Training-validation\Earwax plug\e18.jpg,Earwax plug
data\Datos\Datos\Training-validation\Earwax plug\e180.jpg,Earwax plug
data\Datos\Datos\Training-validation\Earwax plug\e19.jpg,Earwax plug
data\Datos\Datos\Training-validation\Earwax plug\e2.jpg,Earwax plug
data\Datos\Datos\Training-validation\Earwax plug\e20.jpg,Earwax plug
data\Datos\Datos\Training-validation\Earwax plug\e21.jpg,Earwax plug
data\Datos\Datos\Training-validation\Earwax plug\e22.jpg,Earwax plug
data\Datos\Datos\Training-validation\Earwax plug\e23.jpg,Earwax plug
data\Datos\Datos\Training-validation\Earwax plug\e24.jpg,Earwax plug
data\Datos\Datos\Training-validation\Earwax plug\e25.jpg,Earwax plug
data\Datos\Datos\Training-validation\Earwax plug\e26.jpg,Earwax plug
data\Datos\Datos\Training-validation\Earwax plug\e27.jpg,Earwax plug
data\Datos\Datos\Training-validation\Earwax plug\e28.jpg,Earwax plug
data\Datos\Datos\Training-validation\Earwax plug\e29.jpg,Earwax plug
data\Datos\Datos\Training-validation\Earwax plug\e3.jpg,Earwax plug
data\Datos\Datos\Training-validation\Earwax plug\e30.jpg,Earwax plug
data\Datos\Datos\Training-validation\Earwax plug\e31.jpg,Earwax plug
data\Datos\Datos\Training-validation\Earwax plug\e32.jpg,Earwax plug
data\Datos\Datos\Training-validation\Earwax plug\e33.jpg,Earwax plug
data\Datos\Datos\Training-validation\Earwax plug\e34.jpg,Earwax plug
data\Datos\Datos\Training-validation\Earwax plug\e35.jpg,Earwax plug
data\Datos\Datos\Training-validation\Earwax plug\e36.jpg,Earwax plug
data\Datos\Datos\Training-validation\Earwax plug\e37.jpg,Earwax plug
data\Datos\Datos\Training-validation\Earwax plug\e38.jpg,Earwax plug
data\Datos\Datos\Training-validation\Earwax plug\e39.jpg,Earwax plug
data\Datos\Datos\Training-validation\Earwax plug\e4.jpg,Earwax plug
data\Datos\Datos\Training-validation\Earwax plug\e40.jpg,Earwax plug
data\Datos\Datos\Training-validation\Earwax plug\e41.jpg,Earwax plug
data\Datos\Datos\Training-validation\Earwax plug\e42.jpg,Earwax plug
data\Datos\Datos\Training-validation\Earwax plug\e43.jpg,Earwax plug
data\Datos\Datos\Training-validation\Earwax plug\e44.jpg,Earwax plug
data\Datos\Datos\Training-validation\Earwax plug\e45.jpg,Earwax plug
data\Datos\Datos\Training-validation\Earwax plug\e46.jpg,Earwax plug
data\Datos\Datos\Training-validation\Earwax plug\e47.jpg,Earwax plug
data\Datos\Datos\Training-validation\Earwax plug\e48.jpg,Earwax plug
data\Datos\Datos\Training-validation\Earwax plug\e49.jpg,Earwax plug
data\Datos\Datos\Training-validation\Earwax plug\e5.jpg,Earwax plug
data\Datos\Datos\Training-validation\Earwax plug\e50.jpg,Earwax plug
data\Datos\Datos\Training-validation\Earwax plug\e51.jpg,Earwax plug
data\Datos\Datos\Training-validation\Earwax plug\e52.jpg,Earwax plug
data\Datos\Datos\Training-validation\Earwax plug\e53.jpg,Earwax plug
data\Datos\Datos\Training-validation\Earwax plug\e54.jpg,Earwax plug
data\Datos\Datos\Training-validation\Earwax plug\e55.jpg,Earwax plug
data\Datos\Datos\Training-validation\Earwax plug\e56.jpg,Earwax plug
data\Datos\Datos\Training-validation\Earwax plug\e57.jpg,Earwax plug
data\Datos\Datos\Training-validation\Earwax plug\e58.jpg,Earwax plug
data\Datos\Datos\Training-validation\Earwax plug\e59.jpg,Earwax plug
data\Datos\Datos\Training-validation\Earwax plug\e6.jpg,Earwax plug
data\Datos\Datos\Training-validation\Earwax plug\e60.jpg,Earwax plug
data\Datos\Datos\Training-validation\Earwax plug\e61.jpg,Earwax plug
data\Datos\Datos\Training-validation\Earwax plug\e62.jpg,Earwax plug
data\Datos\Datos\Training-validation\Earwax plug\e63.jpg,Earwax plug
data\Datos\Datos\Training-validation\Earwax plug\e64.jpg,Earwax plug
data\Datos\Datos\Training-validation\Earwax plug\e65.jpg,Earwax plug
data\Datos\Datos\Training-validation\Earwax plug\e66.jpg,Earwax plug
data\Datos\Datos\Training-validation\Earwax plug\e67.jpg,Earwax plug
data\Datos\Datos\Training-validation\Earwax plug\e68.jpg,Earwax plug
data\Datos\Datos\Training-validation\Earwax plug\e69.jpg,Earwax plug
data\Datos\Datos\Training-validation\Earwax plug\e7.jpg,Earwax plug
data\Datos\Datos\Training-validation\Earwax plug\e70.jpg,Earwax plug
data\Datos\Datos\Training-validation\Earwax plug\e71.jpg,Earwax plug
data\Datos\Datos\Training-validation\Earwax plug\e72.jpg,Earwax plug
data\Datos\Datos\Training-validation\Earwax plug\e73.jpg,Earwax plug
data\Datos\Datos\Training-validation\Earwax plug\e74.jpg,Earwax plug
data\Datos\Datos\Training-validation\Earwax plug\e75.jpg,Earwax plug
data\Datos\Datos\Training-validation\Earwax plug\e76.jpg,Earwax plug
data\Datos\Datos\Training-validation\Earwax plug\e77.jpg,Earwax plug
data\Datos\Datos\Training-validation\Earwax plug\e78.jpg,Earwax plug
data\Datos\Datos\Training-validation\Earwax plug\e79.jpg,Earwax plug
data\Datos\Datos\Training-validation\Earwax plug\e8.jpg,Earwax plug
data\Datos\Datos\Training-validation\Earwax plug\e80.jpg,Earwax plug
data\Datos\Datos\Training-validation\Earwax plug\e81.jpg,Earwax plug
data\Datos\Datos\Training-validation\Earwax plug\e82.jpg,Earwax plug
data\Datos\Datos\Training-validation\Earwax plug\e83.jpg,Earwax plug
data\Datos\Datos\Training-validation\Earwax plug\e84.jpg,Earwax plug
data\Datos\Datos\Training-validation\Earwax plug\e85.jpg,Earwax plug
data\Datos\Datos\Training-validation\Earwax plug\e86.jpg,Earwax plug
data\Datos\Datos\Training-validation\Earwax plug\e87.jpg,Earwax plug
data\Datos\Datos\Training-validation\Earwax plug\e88.jpg,Earwax plug
data\Datos\Datos\Training-validation\Earwax plug\e89.jpg,Earwax plug
data\Datos\Datos\Training-validation\Earwax plug\e9.jpg,Earwax plug
data\Datos\Datos\Training-validation\Earwax plug\e90.jpg,Earwax plug
data\Datos\Datos\Training-validation\Earwax plug\e91.jpg,Earwax plug
data\Datos\Datos\Training-validation\Earwax plug\e92.jpg,Earwax plug
data\Datos\Datos\Training-validation\Earwax plug\e93.jpg,Earwax plug
data\Datos\Datos\Training-validation\Earwax plug\e94.jpg,Earwax plug
data\Datos\Datos\Training-validation\Earwax plug\e95.jpg,Earwax plug
data\Datos\Datos\Training-validation\Earwax plug\e96.jpg,Earwax plug
data\Datos\Datos\Training-validation\Earwax plug\e97.jpg,Earwax plug
data\Datos\Datos\Training-validation\Earwax plug\e98.jpg,Earwax plug
data\Datos\Datos\Training-validation\Earwax plug\e99.jpg,Earwax plug
data\Datos\Datos\Training-validation\Myringosclerosis\mi1.jpg,Myringosclerosis
data\Datos\Datos\Training-validation\Myringosclerosis\mi10.jpg,Myringosclerosis
data\Datos\Datos\Training-validation\Myringosclerosis\mi100.jpg,Myringosclerosis
data\Datos\Datos\Training-validation\Myringosclerosis\mi101.jpg,Myringosclerosis
data\Datos\Datos\Training-validation\Myringosclerosis\mi102.jpg,Myringosclerosis
data\Datos\Datos\Training-validation\Myringosclerosis\mi103.jpg,Myringosclerosis
data\Datos\Datos\Training-validation\Myringosclerosis\mi104.jpg,Myringosclerosis
data\Datos\Datos\Training-validation\Myringosclerosis\mi105.jpg,Myringosclerosis
data\Datos\Datos\Training-validation\Myringosclerosis\mi106.jpg,Myringosclerosis
data\Datos\Datos\Training-validation\Myringosclerosis\mi107.jpg,Myringosclerosis
data\Datos\Datos\Training-validation\Myringosclerosis\mi108.jpg,Myringosclerosis
data\Datos\Datos\Training-validation\Myringosclerosis\mi109.jpg,Myringosclerosis
data\Datos\Datos\Training-validation\Myringosclerosis\mi11.jpg,Myringosclerosis
data\Datos\Datos\Training-validation\Myringosclerosis\mi110.jpg,Myringosclerosis
data\Datos\Datos\Training-validation\Myringosclerosis\mi111.jpg,Myringosclerosis
data\Datos\Datos\Training-validation\Myringosclerosis\mi112.jpg,Myringosclerosis
data\Datos\Datos\Training-validation\Myringosclerosis\mi113.jpg,Myringosclerosis
data\Datos\Datos\Training-validation\Myringosclerosis\mi114.jpg,Myringosclerosis
data\Datos\Datos\Training-validation\Myringosclerosis\mi115.jpg,Myringosclerosis
data\Datos\Datos\Training-validation\Myringosclerosis\mi116.jpg,Myringosclerosis
data\Datos\Datos\Training-validation\Myringosclerosis\mi117.jpg,Myringosclerosis
data\Datos\Datos\Training-validation\Myringosclerosis\mi118.jpg,Myringosclerosis
data\Datos\Datos\Training-validation\Myringosclerosis\mi119.jpg,Myringosclerosis
data\Datos\Datos\Training-validation\Myringosclerosis\mi12.jpg,Myringosclerosis
data\Datos\Datos\Training-validation\Myringosclerosis\mi120.jpg,Myringosclerosis
data\Datos\Datos\Training-validation\Myringosclerosis\mi121.jpg,Myringosclerosis
data\Datos\Datos\Training-validation\Myringosclerosis\mi122.jpg,Myringosclerosis
data\Datos\Datos\Training-validation\Myringosclerosis\mi123.jpg,Myringosclerosis
data\Datos\Datos\Training-validation\Myringosclerosis\mi124.jpg,Myringosclerosis
data\Datos\Datos\Training-validation\Myringosclerosis\mi125.jpg,Myringosclerosis
data\Datos\Datos\Training-validation\Myringosclerosis\mi126.jpg,Myringosclerosis
data\Datos\Datos\Training-validation\Myringosclerosis\mi127.jpg,Myringosclerosis
data\Datos\Datos\Training-validation\Myringosclerosis\mi128.jpg,Myringosclerosis
data\Datos\Datos\Training-validation\Myringosclerosis\mi129.jpg,Myringosclerosis
data\Datos\Datos\Training-validation\Myringosclerosis\mi13.jpg,Myringosclerosis
data\Datos\Datos\Training-validation\Myringosclerosis\mi130.jpg,Myringosclerosis
data\Datos\Datos\Training-validation\Myringosclerosis\mi131.jpg,Myringosclerosis
data\Datos\Datos\Training-validation\Myringosclerosis\mi132.jpg,Myringosclerosis
data\Datos\Datos\Training-validation\Myringosclerosis\mi133.jpg,Myringosclerosis
data\Datos\Datos\Training-validation\Myringosclerosis\mi134.jpg,Myringosclerosis
data\Datos\Datos\Training-validation\Myringosclerosis\mi135.jpg,Myringosclerosis
data\Datos\Datos\Training-validation\Myringosclerosis\mi136.jpg,Myringosclerosis
data\Datos\Datos\Training-validation\Myringosclerosis\mi137.jpg,Myringosclerosis
data\Datos\Datos\Training-validation\Myringosclerosis\mi138.jpg,Myringosclerosis
data\Datos\Datos\Training-validation\Myringosclerosis\mi139.jpg,Myringosclerosis
data\Datos\Datos\Training-validation\Myringosclerosis\mi14.jpg,Myringosclerosis
data\Datos\Datos\Training-validation\Myringosclerosis\mi140.jpg,Myringosclerosis
data\Datos\Datos\Training-validation\Myringosclerosis\mi141.jpg,Myringosclerosis
data\Datos\Datos\Training-validation\Myringosclerosis\mi142.jpg,Myringosclerosis
data\Datos\Datos\Training-validation\Myringosclerosis\mi143.jpg,Myringosclerosis
data\Datos\Datos\Training-validation\Myringosclerosis\mi144.jpg,Myringosclerosis
data\Datos\Datos\Training-validation\Myringosclerosis\mi145.jpg,Myringosclerosis
data\Datos\Datos\Training-validation\Myringosclerosis\mi146.jpg,Myringosclerosis
data\Datos\Datos\Training-validation\Myringosclerosis\mi147.jpg,Myringosclerosis
data\Datos\Datos\Training-validation\Myringosclerosis\mi148.jpg,Myringosclerosis
data\Datos\Datos\Training-validation\Myringosclerosis\mi149.jpg,Myringosclerosis
data\Datos\Datos\Training-validation\Myringosclerosis\mi15.jpg,Myringosclerosis
data\Datos\Datos\Training-validation\Myringosclerosis\mi150.jpg,Myringosclerosis
data\Datos\Datos\Training-validation\Myringosclerosis\mi151.jpg,Myringosclerosis
data\Datos\Datos\Training-validation\Myringosclerosis\mi152.jpg,Myringosclerosis
data\Datos\Datos\Training-validation\Myringosclerosis\mi153.jpg,Myringosclerosis
data\Datos\Datos\Training-validation\Myringosclerosis\mi154.jpg,Myringosclerosis
data\Datos\Datos\Training-validation\Myringosclerosis\mi155.jpg,Myringosclerosis
data\Datos\Datos\Training-validation\Myringosclerosis\mi156.jpg,Myringosclerosis
data\Datos\Datos\Training-validation\Myringosclerosis\mi157.jpg,Myringosclerosis
data\Datos\Datos\Training-validation\Myringosclerosis\mi158.jpg,Myringosclerosis
data\Datos\Datos\Training-validation\Myringosclerosis\mi159.jpg,Myringosclerosis
data\Datos\Datos\Training-validation\Myringosclerosis\mi16.jpg,Myringosclerosis
data\Datos\Datos\Training-validation\Myringosclerosis\mi160.jpg,Myringosclerosis
data\Datos\Datos\Training-validation\Myringosclerosis\mi161.jpg,Myringosclerosis
data\Datos\Datos\Training-validation\Myringosclerosis\mi162.jpg,Myringosclerosis
data\Datos\Datos\Training-validation\Myringosclerosis\mi163.jpg,Myringosclerosis
data\Datos\Datos\Training-validation\Myringosclerosis\mi164.jpg,Myringosclerosis
data\Datos\Datos\Training-validation\Myringosclerosis\mi165.jpg,Myringosclerosis
data\Datos\Datos\Training-validation\Myringosclerosis\mi166.jpg,Myringosclerosis
data\Datos\Datos\Training-validation\Myringosclerosis\mi167.jpg,Myringosclerosis
data\Datos\Datos\Training-validation\Myringosclerosis\mi168.jpg,Myringosclerosis
data\Datos\Datos\Training-validation\Myringosclerosis\mi169.jpg,Myringosclerosis
data\Datos\Datos\Training-validation\Myringosclerosis\mi17.jpg,Myringosclerosis
data\Datos\Datos\Training-validation\Myringosclerosis\mi170.jpg,Myringosclerosis
data\Datos\Datos\Training-validation\Myringosclerosis\mi171.jpg,Myringosclerosis
data\Datos\Datos\Training-validation\Myringosclerosis\mi172.jpg,Myringosclerosis
data\Datos\Datos\Training-validation\Myringosclerosis\mi173.jpg,Myringosclerosis
data\Datos\Datos\Training-validation\Myringosclerosis\mi174.jpg,Myringosclerosis
data\Datos\Datos\Training-validation\Myringosclerosis\mi175.jpg,Myringosclerosis
data\Datos\Datos\Training-validation\Myringosclerosis\mi176.jpg,Myringosclerosis
data\Datos\Datos\Training-validation\Myringosclerosis\mi177.jpg,Myringosclerosis
data\Datos\Datos\Training-validation\Myringosclerosis\mi178.jpg,Myringosclerosis
data\Datos\Datos\Training-validation\Myringosclerosis\mi179.jpg,Myringosclerosis
data\Datos\Datos\Training-validation\Myringosclerosis\mi18.jpg,Myringosclerosis
data\Datos\Datos\Training-validation\Myringosclerosis\mi180.jpg,Myringosclerosis
data\Datos\Datos\Training-validation\Myringosclerosis\mi19.jpg,Myringosclerosis
data\Datos\Datos\Training-validation\Myringosclerosis\mi2.jpg,Myringosclerosis
data\Datos\Datos\Training-validation\Myringosclerosis\mi20.jpg,Myringosclerosis
data\Datos\Datos\Training-validation\Myringosclerosis\mi21.jpg,Myringosclerosis
data\Datos\Datos\Training-validation\Myringosclerosis\mi22.jpg,Myringosclerosis
data\Datos\Datos\Training-validation\Myringosclerosis\mi23.jpg,Myringosclerosis
data\Datos\Datos\Training-validation\Myringosclerosis\mi24.jpg,Myringosclerosis
data\Datos\Datos\Training-validation\Myringosclerosis\mi25.jpg,Myringosclerosis
data\Datos\Datos\Training-validation\Myringosclerosis\mi26.jpg,Myringosclerosis
data\Datos\Datos\Training-validation\Myringosclerosis\mi27.jpg,Myringosclerosis
data\Datos\Datos\Training-validation\Myringosclerosis\mi28.jpg,Myringosclerosis
data\Datos\Datos\Training-validation\Myringosclerosis\mi29.jpg,Myringosclerosis
data\Datos\Datos\Training-validation\Myringosclerosis\mi3.jpg,Myringosclerosis
data\Datos\Datos\Training-validation\Myringosclerosis\mi30.jpg,Myringosclerosis
data\Datos\Datos\Training-validation\Myringosclerosis\mi31.jpg,Myringosclerosis
data\Datos\Datos\Training-validation\Myringosclerosis\mi32.jpg,Myringosclerosis
data\Datos\Datos\Training-validation\Myringosclerosis\mi33.jpg,Myringosclerosis
data\Datos\Datos\Training-validation\Myringosclerosis\mi34.jpg,Myringosclerosis
data\Datos\Datos\Training-validation\Myringosclerosis\mi35.jpg,Myringosclerosis
data\Datos\Datos\Training-validation\Myringosclerosis\mi36.jpg,Myringosclerosis
data\Datos\Datos\Training-validation\Myringosclerosis\mi37.jpg,Myringosclerosis
data\Datos\Datos\Training-validation\Myringosclerosis\mi38.jpg,Myringosclerosis
data\Datos\Datos\Training-validation\Myringosclerosis\mi39.jpg,Myringosclerosis
data\Datos\Datos\Training-validation\Myringosclerosis\mi4.jpg,Myringosclerosis
data\Datos\Datos\Training-validation\Myringosclerosis\mi40.jpg,Myringosclerosis
data\Datos\Datos\Training-validation\Myringosclerosis\mi41.jpg,Myringosclerosis
data\Datos\Datos\Training-validation\Myringosclerosis\mi42.jpg,Myringosclerosis
data\Datos\Datos\Training-validation\Myringosclerosis\mi43.jpg,Myringosclerosis
data\Datos\Datos\Training-validation\Myringosclerosis\mi44.jpg,Myringosclerosis
data\Datos\Datos\Training-validation\Myringosclerosis\mi45.jpg,Myringosclerosis
data\Datos\Datos\Training-validation\Myringosclerosis\mi46.jpg,Myringosclerosis
data\Datos\Datos\Training-validation\Myringosclerosis\mi47.jpg,Myringosclerosis
data\Datos\Datos\Training-validation\Myringosclerosis\mi48.jpg,Myringosclerosis
data\Datos\Datos\Training-validation\Myringosclerosis\mi49.jpg,Myringosclerosis
data\Datos\Datos\Training-validation\Myringosclerosis\mi5.jpg,Myringosclerosis
data\Datos\Datos\Training-validation\Myringosclerosis\mi50.jpg,Myringosclerosis
data\Datos\Datos\Training-validation\Myringosclerosis\mi51.jpg,Myringosclerosis
data\Datos\Datos\Training-validation\Myringosclerosis\mi52.jpg,Myringosclerosis
data\Datos\Datos\Training-validation\Myringosclerosis\mi53.jpg,Myringosclerosis
data\Datos\Datos\Training-validation\Myringosclerosis\mi54.jpg,Myringosclerosis
data\Datos\Datos\Training-validation\Myringosclerosis\mi55.jpg,Myringosclerosis
data\Datos\Datos\Training-validation\Myringosclerosis\mi56.jpg,Myringosclerosis
data\Datos\Datos\Training-validation\Myringosclerosis\mi57.jpg,Myringosclerosis
data\Datos\Datos\Training-validation\Myringosclerosis\mi58.jpg,Myringosclerosis
data\Datos\Datos\Training-validation\Myringosclerosis\mi59.jpg,Myringosclerosis
data\Datos\Datos\Training-validation\Myringosclerosis\mi6.jpg,Myringosclerosis
data\Datos\Datos\Training-validation\Myringosclerosis\mi60.jpg,Myringosclerosis
data\Datos\Datos\Training-validation\Myringosclerosis\mi61.jpg,Myringosclerosis
data\Datos\Datos\Training-validation\Myringosclerosis\mi62.jpg,Myringosclerosis
data\Datos\Datos\Training-validation\Myringosclerosis\mi63.jpg,Myringosclerosis
data\Datos\Datos\Training-validation\Myringosclerosis\mi64.jpg,Myringosclerosis
data\Datos\Datos\Training-validation\Myringosclerosis\mi65.jpg,Myringosclerosis
data\Datos\Datos\Training-validation\Myringosclerosis\mi66.jpg,Myringosclerosis
data\Datos\Datos\Training-validation\Myringosclerosis\mi67.jpg,Myringosclerosis
data\Datos\Datos\Training-validation\Myringosclerosis\mi68.jpg,Myringosclerosis
data\Datos\Datos\Training-validation\Myringosclerosis\mi69.jpg,Myringosclerosis
data\Datos\Datos\Training-validation\Myringosclerosis\mi7.jpg,Myringosclerosis
data\Datos\Datos\Training-validation\Myringosclerosis\mi70.jpg,Myringosclerosis
data\Datos\Datos\Training-validation\Myringosclerosis\mi71.jpg,Myringosclerosis
data\Datos\Datos\Training-validation\Myringosclerosis\mi72.jpg,Myringosclerosis
data\Datos\Datos\Training-validation\Myringosclerosis\mi73.jpg,Myringosclerosis
data\Datos\Datos\Training-validation\Myringosclerosis\mi74.jpg,Myringosclerosis
data\Datos\Datos\Training-validation\Myringosclerosis\mi75.jpg,Myringosclerosis
data\Datos\Datos\Training-validation\Myringosclerosis\mi76.jpg,Myringosclerosis
data\Datos\Datos\Training-validation\Myringosclerosis\mi77.jpg,Myringosclerosis
data\Datos\Datos\Training-validation\Myringosclerosis\mi78.jpg,Myringosclerosis
data\Datos\Datos\Training-validation\Myringosclerosis\mi79.jpg,Myringosclerosis
data\Datos\Datos\Training-validation\Myringosclerosis\mi8.jpg,Myringosclerosis
data\Datos\Datos\Training-validation\Myringosclerosis\mi80.jpg,Myringosclerosis
data\Datos\Datos\Training-validation\Myringosclerosis\mi81.jpg,Myringosclerosis
data\Datos\Datos\Training-validation\Myringosclerosis\mi82.jpg,Myringosclerosis
data\Datos\Datos\Training-validation\Myringosclerosis\mi83.jpg,Myringosclerosis
data\Datos\Datos\Training-validation\Myringosclerosis\mi84.jpg,Myringosclerosis
data\Datos\Datos\Training-validation\Myringosclerosis\mi85.jpg,Myringosclerosis
data\Datos\Datos\Training-validation\Myringosclerosis\mi86.jpg,Myringosclerosis
data\Datos\Datos\Training-validation\Myringosclerosis\mi87.jpg,Myringosclerosis
data\Datos\Datos\Training-validation\Myringosclerosis\mi88.jpg,Myringosclerosis
data\Datos\Datos\Training-validation\Myringosclerosis\mi89.jpg,Myringosclerosis
data\Datos\Datos\Training-validation\Myringosclerosis\mi9.jpg,Myringosclerosis
data\Datos\Datos\Training-validation\Myringosclerosis\mi90.jpg,Myringosclerosis
data\Datos\Datos\Training-validation\Myringosclerosis\mi91.jpg,Myringosclerosis
data\Datos\Datos\Training-validation\Myringosclerosis\mi92.jpg,Myringosclerosis
data\Datos\Datos\Training-validation\Myringosclerosis\mi93.jpg,Myringosclerosis
data\Datos\Datos\Training-validation\Myringosclerosis\mi94.jpg,Myringosclerosis
data\Datos\Datos\Training-validation\Myringosclerosis\mi95.jpg,Myringosclerosis
data\Datos\Datos\Training-validation\Myringosclerosis\mi96.jpg,Myringosclerosis
data\Datos\Datos\Training-validation\Myringosclerosis\mi97.jpg,Myringosclerosis
data\Datos\Datos\Training-validation\Myringosclerosis\mi98.jpg,Myringosclerosis
data\Datos\Datos\Training-validation\Myringosclerosis\mi99.jpg,Myringosclerosis
data\Datos\Datos\Training-validation\Normal\n1.jpg,Normal
data\Datos\Datos\Training-validation\Normal\n10.jpg,Normal
data\Datos\Datos\Training-validation\Normal\n100.jpg,Normal
data\Datos\Datos\Training-validation\Normal\n101.jpg,Normal
data\Datos\Datos\Training-validation\Normal\n102.jpg,Normal
data\Datos\Datos\Training-validation\Normal\n103.jpg,Normal
data\Datos\Datos\Training-validation\Normal\n104.jpg,Normal
data\Datos\Datos\Training-validation\Normal\n105.jpg,Normal
data\Datos\Datos\Training-validation\Normal\n106.jpg,Normal
data\Datos\Datos\Training-validation\Normal\n107.jpg,Normal
data\Datos\Datos\Training-validation\Normal\n108.jpg,Normal
data\Datos\Datos\Training-validation\Normal\n109.jpg,Normal
data\Datos\Datos\Training-validation\Normal\n11.jpg,Normal
data\Datos\Datos\Training-validation\Normal\n110.jpg,Normal
data\Datos\Datos\Training-validation\Normal\n111.jpg,Normal
data\Datos\Datos\Training-validation\Normal\n112.jpg,Normal
data\Datos\Datos\Training-validation\Normal\n113.jpg,Normal
data\Datos\Datos\Training-validation\Normal\n114.jpg,Normal
data\Datos\Datos\Training-validation\Normal\n115.jpg,Normal
data\Datos\Datos\Training-validation\Normal\n116.jpg,Normal
data\Datos\Datos\Training-validation\Normal\n117.jpg,Normal
data\Datos\Datos\Training-validation\Normal\n118.jpg,Normal
data\Datos\Datos\Training-validation\Normal\n119.jpg,Normal
data\Datos\Datos\Training-validation\Normal\n12.jpg,Normal
data\Datos\Datos\Training-validation\Normal\n120.jpg,Normal
data\Datos\Datos\Training-validation\Normal\n121.jpg,Normal
data\Datos\Datos\Training-validation\Normal\n122.jpg,Normal
data\Datos\Datos\Training-validation\Normal\n123.jpg,Normal
data\Datos\Datos\Training-validation\Normal\n124.jpg,Normal
data\Datos\Datos\Training-validation\Normal\n125.jpg,Normal
data\Datos\Datos\Training-validation\Normal\n126.jpg,Normal
data\Datos\Datos\Training-validation\Normal\n127.jpg,Normal
data\Datos\Datos\Training-validation\Normal\n128.jpg,Normal
data\Datos\Datos\Training-validation\Normal\n129.jpg,Normal
data\Datos\Datos\Training-validation\Normal\n13.jpg,Normal
data\Datos\Datos\Training-validation\Normal\n130.jpg,Normal
data\Datos\Datos\Training-validation\Normal\n131.jpg,Normal
data\Datos\Datos\Training-validation\Normal\n132.jpg,Normal
data\Datos\Datos\Training-validation\Normal\n133.jpg,Normal
data\Datos\Datos\Training-validation\Normal\n134.jpg,Normal
data\Datos\Datos\Training-validation\Normal\n135.jpg,Normal
data\Datos\Datos\Training-validation\Normal\n136.jpg,Normal
data\Datos\Datos\Training-validation\Normal\n137.jpg,Normal
data\Datos\Datos\Training-validation\Normal\n138.jpg,Normal
data\Datos\Datos\Training-validation\Normal\n139.jpg,Normal
data\Datos\Datos\Training-validation\Normal\n14.jpg,Normal
data\Datos\Datos\Training-validation\Normal\n140.jpg,Normal
data\Datos\Datos\Training-validation\Normal\n141.jpg,Normal
data\Datos\Datos\Training-validation\Normal\n142.jpg,Normal
data\Datos\Datos\Training-validation\Normal\n143.jpg,Normal
data\Datos\Datos\Training-validation\Normal\n144.jpg,Normal
data\Datos\Datos\Training-validation\Normal\n145.jpg,Normal
data\Datos\Datos\Training-validation\Normal\n146.jpg,Normal
data\Datos\Datos\Training-validation\Normal\n147.jpg,Normal
data\Datos\Datos\Training-validation\Normal\n148.jpg,Normal
data\Datos\Datos\Training-validation\Normal\n149.jpg,Normal
data\Datos\Datos\Training-validation\Normal\n15.jpg,Normal
data\Datos\Datos\Training-validation\Normal\n150.jpg,Normal
data\Datos\Datos\Training-validation\Normal\n151.jpg,Normal
data\Datos\Datos\Training-validation\Normal\n152.jpg,Normal
data\Datos\Datos\Training-validation\Normal\n153.jpg,Normal
data\Datos\Datos\Training-validation\Normal\n154.jpg,Normal
data\Datos\Datos\Training-validation\Normal\n155.jpg,Normal
data\Datos\Datos\Training-validation\Normal\n156.jpg,Normal
data\Datos\Datos\Training-validation\Normal\n157.jpg,Normal
data\Datos\Datos\Training-validation\Normal\n158.jpg,Normal
data\Datos\Datos\Training-validation\Normal\n159.jpg,Normal
data\Datos\Datos\Training-validation\Normal\n16.jpg,Normal
data\Datos\Datos\Training-validation\Normal\n160.jpg,Normal
data\Datos\Datos\Training-validation\Normal\n161.jpg,Normal
data\Datos\Datos\Training-validation\Normal\n162.jpg,Normal
data\Datos\Datos\Training-validation\Normal\n163.jpg,Normal
data\Datos\Datos\Training-validation\Normal\n164.jpg,Normal
data\Datos\Datos\Training-validation\Normal\n165.jpg,Normal
data\Datos\Datos\Training-validation\Normal\n166.jpg,Normal
data\Datos\Datos\Training-validation\Normal\n167.jpg,Normal
data\Datos\Datos\Training-validation\Normal\n168.jpg,Normal
data\Datos\Datos\Training-validation\Normal\n169.jpg,Normal
data\Datos\Datos\Training-validation\Normal\n17.jpg,Normal
data\Datos\Datos\Training-validation\Normal\n170.jpg,Normal
data\Datos\Datos\Training-validation\Normal\n171.jpg,Normal
data\Datos\Datos\Training-validation\Normal\n172.jpg,Normal
data\Datos\Datos\Training-validation\Normal\n173.jpg,Normal
data\Datos\Datos\Training-validation\Normal\n174.jpg,Normal
data\Datos\Datos\Training-validation\Normal\n175.jpg,Normal
data\Datos\Datos\Training-validation\Normal\n176.jpg,Normal
data\Datos\Datos\Training-validation\Normal\n177.jpg,Normal
data\Datos\Datos\Training-validation\Normal\n178.jpg,Normal
data\Datos\Datos\Training-validation\Normal\n179.jpg,Normal
data\Datos\Datos\Training-validation\Normal\n18.jpg,Normal
data\Datos\Datos\Training-validation\Normal\n180.jpg,Normal
data\Datos\Datos\Training-validation\Normal\n19.jpg,Normal
data\Datos\Datos\Training-validation\Normal\n2.jpg,Normal
data\Datos\Datos\Training-validation\Normal\n20.jpg,Normal
data\Datos\Datos\Training-validation\Normal\n21.jpg,Normal
data\Datos\Datos\Training-validation\Normal\n22.jpg,Normal
data\Datos\Datos\Training-validation\Normal\n23.jpg,Normal
data\Datos\Datos\Training-validation\Normal\n24.jpg,Normal
data\Datos\Datos\Training-validation\Normal\n25.jpg,Normal
data\Datos\Datos\Training-validation\Normal\n26.jpg,Normal
data\Datos\Datos\Training-validation\Normal\n27.jpg,Normal
data\Datos\Datos\Training-validation\Normal\n28.jpg,Normal
data\Datos\Datos\Training-validation\Normal\n29.jpg,Normal
data\Datos\Datos\Training-validation\Normal\n3.jpg,Normal
data\Datos\Datos\Training-validation\Normal\n30.jpg,Normal
data\Datos\Datos\Training-validation\Normal\n31.jpg,Normal
data\Datos\Datos\Training-validation\Normal\n32.jpg,Normal
data\Datos\Datos\Training-validation\Normal\n33.jpg,Normal
data\Datos\Datos\Training-validation\Normal\n34.jpg,Normal
data\Datos\Datos\Training-validation\Normal\n35.jpg,Normal
data\Datos\Datos\Training-validation\Normal\n36.jpg,Normal
data\Datos\Datos\Training-validation\Normal\n37.jpg,Normal
data\Datos\Datos\Training-validation\Normal\n38.jpg,Normal
data\Datos\Datos\Training-validation\Normal\n39.jpg,Normal
data\Datos\Datos\Training-validation\Normal\n4.jpg,Normal
data\Datos\Datos\Training-validation\Normal\n40.jpg,Normal
data\Datos\Datos\Training-validation\Normal\n41.jpg,Normal
data\Datos\Datos\Training-validation\Normal\n42.jpg,Normal
data\Datos\Datos\Training-validation\Normal\n43.jpg,Normal
data\Datos\Datos\Training-validation\Normal\n44.jpg,Normal
data\Datos\Datos\Training-validation\Normal\n45.jpg,Normal
data\Datos\Datos\Training-validation\Normal\n46.jpg,Normal
data\Datos\Datos\Training-validation\Normal\n47.jpg,Normal
data\Datos\Datos\Training-validation\Normal\n48.jpg,Normal
data\Datos\Datos\Training-validation\Normal\n49.jpg,Normal
data\Datos\Datos\Training-validation\Normal\n5.jpg,Normal
data\Datos\Datos\Training-validation\Normal\n50.jpg,Normal
data\Datos\Datos\Training-validation\Normal\n51.jpg,Normal
data\Datos\Datos\Training-validation\Normal\n52.jpg,Normal
data\Datos\Datos\Training-validation\Normal\n53.jpg,Normal
data\Datos\Datos\Training-validation\Normal\n54.jpg,Normal
data\Datos\Datos\Training-validation\Normal\n55.jpg,Normal
data\Datos\Datos\Training-validation\Normal\n56.jpg,Normal
data\Datos\Datos\Training-validation\Normal\n57.jpg,Normal
data\Datos\Datos\Training-validation\Normal\n58.jpg,Normal
data\Datos\Datos\Training-validation\Normal\n59.jpg,Normal
data\Datos\Datos\Training-validation\Normal\n6.jpg,Normal
data\Datos\Datos\Training-validation\Normal\n60.jpg,Normal
data\Datos\Datos\Training-validation\Normal\n61.jpg,Normal
data\Datos\Datos\Training-validation\Normal\n62.jpg,Normal
data\Datos\Datos\Training-validation\Normal\n63.jpg,Normal
data\Datos\Datos\Training-validation\Normal\n64.jpg,Normal
data\Datos\Datos\Training-validation\Normal\n65.jpg,Normal
data\Datos\Datos\Training-validation\Normal\n66.jpg,Normal
data\Datos\Datos\Training-validation\Normal\n67.jpg,Normal
data\Datos\Datos\Training-validation\Normal\n68.jpg,Normal
data\Datos\Datos\Training-validation\Normal\n69.jpg,Normal
data\Datos\Datos\Training-validation\Normal\n7.jpg,Normal
data\Datos\Datos\Training-validation\Normal\n70.jpg,Normal
data\Datos\Datos\Training-validation\Normal\n71.jpg,Normal
data\Datos\Datos\Training-validation\Normal\n72.jpg,Normal
data\Datos\Datos\Training-validation\Normal\n73.jpg,Normal
data\Datos\Datos\Training-validation\Normal\n74.jpg,Normal
data\Datos\Datos\Training-validation\Normal\n75.jpg,Normal
data\Datos\Datos\Training-validation\Normal\n76.jpg,Normal
data\Datos\Datos\Training-validation\Normal\n77.jpg,Normal
data\Datos\Datos\Training-validation\Normal\n78.jpg,Normal
data\Datos\Datos\Training-validation\Normal\n79.jpg,Normal
data\Datos\Datos\Training-validation\Normal\n8.jpg,Normal
data\Datos\Datos\Training-validation\Normal\n80.jpg,Normal
data\Datos\Datos\Training-validation\Normal\n81.jpg,Normal
data\Datos\Datos\Training-validation\Normal\n82.jpg,Normal
data\Datos\Datos\Training-validation\Normal\n83.jpg,Normal
data\Datos\Datos\Training-validation\Normal\n84.jpg,Normal
data\Datos\Datos\Training-validation\Normal\n85.jpg,Normal
data\Datos\Datos\Training-validation\Normal\n86.jpg,Normal
data\Datos\Datos\Training-validation\Normal\n87.jpg,Normal
data\Datos\Datos\Training-validation\Normal\n88.jpg,Normal
data\Datos\Datos\Training-validation\Normal\n89.jpg,Normal
data\Datos\Datos\Training-validation\Normal\n9.jpg,Normal
data\Datos\Datos\Training-validation\Normal\n90.jpg,Normal
data\Datos\Datos\Training-validation\Normal\n91.jpg,Normal
data\Datos\Datos\Training-validation\Normal\n92.jpg,Normal
data\Datos\Datos\Training-validation\Normal\n93.jpg,Normal
data\Datos\Datos\Training-validation\Normal\n94.jpg,Normal
data\Datos\Datos\Training-validation\Normal\n95.jpg,Normal
data\Datos\Datos\Training-validation\Normal\n96.jpg,Normal
data\Datos\Datos\Training-validation\Normal\n97.jpg,Normal
data\Datos\Datos\Training-validation\Normal\n98.jpg,Normal
data\Datos\Datos\Training-validation\Normal\n99.jpg,Normal
